temperature,vibration,current,failure
68.14,1.81,8.22,0
59.59,1.5,5.74,0
40.86,2.63,8.19,0
69.81,3.73,9.55,0
43.2,1.28,9.49,0
64.17,3.95,9.36,0
103.06,7.24,23.53,1
87.94,6.96,34.6,1
46.48,1.38,9.83,0
47.22,2.24,9.32,0
59.91,1.86,7.64,0
83.81,7.01,27.62,1
49.51,2.26,10.17,0
37.5,3.58,7.51,0
63.92,1.46,12.53,0
97.2,6.35,25.61,1
102.14,8.73,33.88,1
40.23,1.59,11.23,0
51.86,2.76,12.72,0
98.86,6.6,31.98,1
65.68,2.76,10.4,0
64.9,3.0,8.81,0
103.25,6.18,33.05,1
35.08,3.0,14.95,0
50.1,1.41,13.05,0
65.8,3.41,5.68,0
107.64,9.54,28.69,1
86.34,6.95,30.05,1
37.85,3.7,7.92,0
108.23,6.9,29.32,1
39.95,3.88,13.03,0
40.06,1.62,11.53,0
39.13,2.39,8.57,0
48.4,1.03,14.86,0
108.48,6.47,20.42,1
65.52,1.44,11.38,0
40.11,2.85,13.71,0
35.82,3.8,12.16,0
56.81,1.38,12.53,0
59.32,1.06,8.38,0
30.1,3.78,13.73,0
46.91,1.73,11.41,0
59.09,1.59,14.68,0
36.96,1.19,10.81,0
51.46,3.88,14.34,0
88.57,8.5,21.5,1
61.5,3.43,7.65,0
43.94,1.88,10.87,0
49.69,1.96,14.87,0
68.76,1.8,11.52,0
100.75,8.84,20.32,1
69.33,1.62,13.89,0
30.91,1.71,7.72,0
46.49,3.54,6.68,0
43.35,2.72,10.63,0
99.93,7.48,29.49,1
54.62,2.66,11.16,0
84.38,8.34,33.75,1
92.16,6.44,30.83,1
32.65,2.7,13.69,0
85.73,8.79,22.28,1
62.66,1.63,7.36,0
90.87,8.92,28.68,1
47.7,1.89,13.43,0
86.47,9.1,21.87,1
51.75,2.65,9.91,0
64.6,3.6,9.14,0
67.37,3.26,12.86,0
55.42,2.36,13.73,0
36.08,1.63,10.5,0
35.87,2.07,8.76,0
51.84,3.18,7.84,0
49.79,1.36,14.77,0
33.85,2.29,9.59,0
37.91,2.5,8.71,0
103.14,8.13,29.53,1
62.08,3.97,13.53,0
57.97,1.54,13.47,0
41.42,1.22,13.53,0
47.7,3.07,7.9,0
33.72,1.05,12.16,0
46.51,2.1,14.44,0
64.88,3.87,12.07,0
51.66,2.55,10.09,0
49.66,3.21,5.23,0
57.41,1.33,14.85,0
60.09,3.21,10.69,0
31.42,1.06,10.37,0
55.69,2.12,10.71,0
88.82,9.57,34.08,1
42.8,2.88,9.59,0
32.1,2.83,5.92,0
34.82,2.92,8.26,0
50.4,3.33,11.11,0
51.72,1.05,13.36,0
87.73,7.65,30.47,1
51.27,1.97,14.65,0
41.93,3.32,11.62,0
98.11,7.21,21.82,1
89.45,6.4,28.24,1
90.46,7.07,33.48,1
66.03,2.87,8.77,0
108.67,6.69,30.35,1
62.47,1.66,13.08,0
69.84,1.39,14.8,0
62.65,3.72,9.89,0
80.67,7.01,23.07,1
69.41,1.69,11.4,0
68.91,1.34,6.04,0
57.69,1.24,11.34,0
68.72,3.24,12.44,0
48.69,1.31,8.29,0
64.75,2.12,13.14,0
80.82,6.7,33.29,1
46.36,2.15,8.96,0
101.44,6.14,26.09,1
52.94,3.51,11.33,0
53.41,1.84,7.03,0
51.54,3.93,7.97,0
40.67,3.64,14.03,0
35.55,3.15,8.12,0
34.19,2.56,9.92,0
39.03,1.81,9.94,0
103.19,6.56,28.87,1
45.74,1.71,7.1,0
34.99,3.56,12.67,0
48.42,3.79,5.6,0
36.51,2.14,12.28,0
49.42,3.09,8.55,0
64.4,2.63,10.08,0
44.06,3.5,13.16,0
59.16,1.89,11.86,0
49.46,3.01,9.87,0
50.2,2.63,14.19,0
66.65,1.03,12.62,0
98.43,8.91,30.09,1
44.38,1.59,8.38,0
45.36,2.49,6.52,0
37.96,2.79,13.53,0
65.5,3.62,14.96,0
64.9,1.34,7.72,0
66.39,2.99,8.3,0
33.31,3.28,12.66,0
31.54,3.34,12.29,0
37.36,2.01,7.87,0
56.4,3.74,11.42,0
61.44,3.39,9.44,0
36.53,3.54,9.67,0
53.24,1.46,6.32,0
51.33,1.93,11.44,0
45.97,3.1,6.61,0
65.69,2.14,6.0,0
69.68,3.59,13.79,0
38.44,1.59,10.97,0
42.95,3.86,13.71,0
49.17,1.91,13.53,0
69.67,3.65,9.94,0
66.86,3.88,12.68,0
51.07,3.75,7.17,0
52.04,3.85,10.12,0
31.97,3.21,7.88,0
49.5,1.05,6.88,0
36.19,1.21,5.19,0
68.1,3.28,10.26,0
32.25,3.39,7.33,0
51.0,3.78,8.0,0
50.46,3.46,10.6,0
50.85,1.37,8.33,0
88.2,8.26,22.72,1
61.61,3.82,8.78,0
47.46,3.98,8.69,0
53.53,3.36,9.78,0
48.54,1.49,8.06,0
61.34,1.16,13.22,0
51.26,2.76,13.3,0
69.77,3.01,8.78,0
102.56,9.7,25.41,1
56.02,2.03,8.06,0
92.55,6.81,29.93,1
36.71,1.58,11.67,0
51.11,2.9,10.81,0
59.61,1.42,5.8,0
44.59,3.18,9.24,0
41.01,2.94,6.18,0
66.99,1.18,7.16,0
64.88,3.45,7.56,0
59.87,1.45,10.13,0
39.1,3.15,13.98,0
69.01,3.85,13.45,0
53.95,1.76,12.49,0
89.22,9.27,21.39,1
37.98,2.54,10.15,0
39.66,3.91,8.88,0
30.25,3.79,5.04,0
33.84,2.53,6.17,0
86.51,7.84,20.34,1
68.57,1.41,11.48,0
44.95,1.29,10.5,0
37.06,2.12,11.15,0
66.32,2.57,7.19,0
59.91,2.25,12.05,0
44.9,3.71,13.38,0
37.55,1.52,12.06,0
55.49,2.38,11.48,0
40.74,3.1,8.7,0
55.15,2.66,7.1,0
36.17,2.06,9.76,0
54.3,1.46,6.58,0
39.37,1.87,11.73,0
66.03,3.93,6.04,0
87.66,7.05,23.01,1
43.92,2.32,9.28,0
35.97,1.44,14.24,0
33.72,3.17,5.51,0
68.61,3.84,10.83,0
88.37,6.4,32.55,1
59.07,3.44,10.12,0
65.15,2.33,6.22,0
64.05,2.39,6.34,0
30.8,3.44,6.64,0
54.85,1.16,9.85,0
32.58,1.74,12.62,0
64.38,1.81,12.95,0
48.67,1.35,10.11,0
37.33,2.71,8.73,0
80.93,8.06,34.88,1
66.1,2.31,7.23,0
69.49,2.18,11.88,0
63.57,1.91,8.35,0
35.37,1.08,6.72,0
102.67,9.86,25.94,1
105.46,8.97,28.41,1
57.57,1.43,9.56,0
42.09,1.04,10.21,0
39.56,2.93,10.33,0
59.53,1.01,13.48,0
68.6,3.11,7.39,0
36.7,3.79,12.41,0
48.81,2.92,9.76,0
45.1,2.74,5.55,0
31.85,2.84,10.88,0
50.6,1.2,10.1,0
83.71,6.05,22.79,1
67.65,2.39,9.58,0
47.96,2.02,12.3,0
49.75,2.8,6.82,0
61.51,2.03,6.31,0
50.66,1.15,11.17,0
31.68,2.91,14.56,0
36.14,3.05,5.38,0
39.15,3.1,11.58,0
36.96,2.93,8.25,0
54.77,1.97,5.14,0
54.76,2.59,8.44,0
97.25,8.03,25.62,1
55.47,2.95,9.71,0
106.15,8.19,27.75,1
68.35,2.3,8.23,0
59.16,1.03,11.66,0
41.17,3.47,11.08,0
31.64,2.04,13.69,0
34.08,1.32,14.09,0
45.16,1.73,5.25,0
50.81,2.58,8.54,0
41.69,2.27,8.35,0
104.89,9.95,24.36,1
33.57,3.7,13.67,0
109.39,8.92,34.24,1
48.87,3.21,10.57,0
50.97,1.62,6.42,0
93.37,7.61,26.05,1
69.63,3.22,13.72,0
69.52,3.11,13.24,0
62.23,2.32,10.69,0
53.03,3.91,11.19,0
54.99,2.61,12.64,0
109.99,9.96,29.49,1
54.25,2.42,6.65,0
38.61,3.07,5.45,0
83.73,9.17,27.86,1
54.89,2.45,7.35,0
66.66,1.9,12.53,0
49.84,3.12,6.98,0
32.81,2.28,8.52,0
60.36,1.93,13.63,0
46.45,3.56,11.31,0
56.97,1.61,8.95,0
50.07,2.14,10.67,0
47.14,3.4,10.82,0
42.61,3.33,9.76,0
35.56,2.81,11.14,0
66.17,1.95,11.29,0
42.97,2.45,5.67,0
40.75,1.01,9.28,0
51.26,3.17,8.05,0
39.23,3.32,10.95,0
41.23,3.67,5.72,0
35.83,2.19,11.93,0
33.35,1.38,6.82,0
40.46,1.14,5.81,0
52.42,2.18,7.7,0
62.81,2.96,13.57,0
40.59,3.24,6.53,0
109.99,9.2,34.16,1
32.71,3.72,10.73,0
46.6,3.82,14.39,0
48.42,3.66,12.09,0
52.77,2.24,10.73,0
33.2,3.03,8.21,0
83.0,7.57,27.29,1
69.79,2.38,8.78,0
63.13,2.81,12.4,0
55.71,2.62,5.61,0
98.21,8.06,30.77,1
106.48,8.45,25.68,1
53.27,3.97,12.04,0
51.35,1.07,12.66,0
53.01,2.2,6.99,0
30.33,3.92,7.39,0
43.02,2.77,12.1,0
94.32,6.24,20.95,1
68.11,3.42,9.3,0
97.23,6.16,32.08,1
54.16,3.96,13.14,0
85.15,8.67,29.19,1
58.21,1.29,12.46,0
50.6,2.1,8.84,0
66.56,3.38,11.12,0
69.54,1.69,11.04,0
39.74,3.98,5.25,0
83.37,8.75,26.47,1
41.51,3.05,9.22,0
103.05,6.25,34.58,1
32.05,2.78,13.85,0
30.48,3.88,10.68,0
59.14,2.02,11.05,0
39.87,2.18,12.0,0
47.08,2.65,9.8,0
66.58,2.94,14.41,0
52.66,1.95,10.58,0
55.41,3.31,8.66,0
34.06,3.49,8.01,0
84.63,7.32,27.04,1
34.14,1.56,6.89,0
54.78,3.17,7.59,0
51.3,3.95,8.83,0
45.96,1.3,13.02,0
102.99,8.57,21.56,1
59.68,1.8,13.21,0
63.67,1.08,5.8,0
36.22,1.71,9.86,0
38.88,3.44,6.45,0
89.49,7.73,23.11,1
102.26,7.17,21.92,1
51.8,1.33,13.83,0
60.62,2.51,7.82,0
58.69,2.8,5.4,0
38.07,1.59,5.91,0
32.25,3.64,11.9,0
105.01,7.54,34.28,1
62.19,3.18,13.53,0
37.51,3.66,11.44,0
39.96,3.2,7.96,0
54.82,3.77,11.38,0
62.18,2.87,9.82,0
90.9,6.31,24.32,1
52.39,2.77,11.28,0
52.37,2.99,14.16,0
82.56,6.43,21.99,1
84.99,9.99,26.65,1
64.79,1.2,5.68,0
61.99,1.88,11.06,0
30.74,1.78,14.64,0
53.37,3.33,9.11,0
47.64,1.25,6.06,0
44.21,2.42,8.5,0
45.35,3.36,14.3,0
50.28,2.81,11.32,0
34.35,2.77,13.01,0
67.83,3.31,12.87,0
39.86,1.02,14.59,0
39.7,3.82,9.89,0
30.42,1.85,7.61,0
44.43,3.9,11.96,0
53.33,2.24,12.73,0
97.5,6.45,26.75,1
32.3,3.69,10.82,0
51.27,2.62,8.26,0
80.85,9.84,21.75,1
47.42,2.63,6.61,0
41.76,3.59,7.62,0
61.59,3.74,11.73,0
67.24,1.36,10.81,0
54.35,1.4,5.8,0
66.14,3.14,6.52,0
47.89,2.09,8.12,0
65.28,2.35,9.62,0
41.77,3.23,7.55,0
55.47,3.15,11.62,0
66.56,1.37,14.66,0
58.67,1.16,10.89,0
58.53,1.8,7.22,0
62.39,3.09,5.77,0
88.16,9.13,20.49,1
66.38,3.07,11.18,0
31.15,2.47,10.07,0
100.48,9.14,32.16,1
103.76,9.62,26.07,1
43.33,1.59,12.3,0
62.77,1.39,7.54,0
42.07,2.93,12.09,0
60.27,3.13,13.47,0
59.11,3.91,14.32,0
35.76,2.6,11.36,0
57.0,2.3,10.75,0
30.95,3.82,5.17,0
55.66,3.45,10.93,0
82.87,7.11,26.79,1
33.68,1.89,5.72,0
85.8,9.88,30.55,1
55.26,1.72,13.86,0
46.11,1.49,11.72,0
50.67,1.74,6.61,0
55.42,1.14,5.65,0
31.1,1.71,11.66,0
36.93,1.86,6.08,0
39.55,1.52,12.67,0
104.01,9.27,27.13,1
48.47,2.27,14.47,0
31.56,1.47,14.41,0
32.06,1.58,11.24,0
56.38,1.77,6.27,0
67.79,2.59,9.92,0
41.12,3.82,5.92,0
41.91,1.8,12.06,0
63.65,2.12,11.55,0
45.69,3.7,14.44,0
47.32,1.87,6.57,0
89.73,9.11,22.38,1
38.75,3.45,8.23,0
30.17,2.39,11.97,0
98.1,9.31,32.47,1
100.48,8.92,33.55,1
34.74,2.86,9.6,0
35.07,1.69,5.7,0
42.09,1.55,11.69,0
59.3,1.54,12.03,0
57.23,2.35,14.25,0
47.68,2.55,9.03,0
58.25,3.29,13.98,0
60.97,3.24,13.47,0
59.47,3.12,14.84,0
60.26,3.07,9.99,0
60.03,3.38,13.18,0
47.83,1.52,12.52,0
62.45,2.57,5.77,0
54.07,1.29,13.32,0
40.97,2.07,14.0,0
30.97,2.47,11.0,0
69.12,3.0,11.53,0
63.42,3.26,6.27,0
49.21,2.24,6.87,0
68.11,1.61,9.32,0
101.73,6.85,31.34,1
35.94,1.42,8.99,0
63.17,2.68,7.2,0
100.35,9.5,26.83,1
46.56,2.65,14.73,0
63.75,1.58,14.8,0
47.79,2.29,6.06,0
45.25,3.85,13.64,0
34.0,1.65,13.41,0
42.46,2.22,14.67,0
65.01,1.01,7.11,0
66.66,3.72,14.46,0
44.35,2.23,6.29,0
59.55,3.24,14.49,0
34.39,3.85,8.85,0
32.65,1.65,14.03,0
69.95,3.35,10.68,0
31.58,1.58,13.55,0
39.89,2.62,13.09,0
90.73,7.31,27.9,1
104.78,8.68,29.46,1
36.1,3.85,6.23,0
56.76,3.49,6.69,0
41.14,3.66,11.23,0
88.83,8.65,27.03,1
60.01,2.04,11.11,0
48.72,2.08,6.34,0
68.88,1.22,12.53,0
42.46,2.06,13.29,0
63.79,3.43,6.36,0
56.41,1.99,7.48,0
36.57,3.24,6.91,0
32.57,2.28,9.78,0
63.3,1.14,12.29,0
53.17,3.61,8.31,0
33.31,1.24,5.17,0
62.13,1.19,13.26,0
44.96,3.29,14.37,0
50.69,2.08,5.83,0
37.64,1.13,12.73,0
50.81,2.71,13.47,0
80.63,8.09,22.57,1
50.3,1.13,8.6,0
95.75,8.34,20.07,1
53.19,1.06,13.76,0
55.48,2.55,9.64,0
48.37,2.67,11.97,0
53.87,3.51,11.38,0
62.07,3.71,5.36,0
108.99,9.68,23.23,1
67.5,1.88,13.56,0
63.03,3.4,10.93,0
50.78,1.86,12.86,0
47.84,1.25,7.79,0
52.21,3.58,12.31,0
65.78,1.69,10.42,0
47.11,2.47,12.56,0
108.11,8.84,33.09,1
56.0,2.83,13.42,0
43.25,2.85,14.18,0
35.78,1.06,13.79,0
55.51,2.83,14.4,0
32.16,3.76,9.77,0
65.43,2.83,9.06,0
40.05,3.2,5.96,0
48.83,3.52,9.73,0
62.9,3.96,10.67,0
35.14,2.0,5.98,0
49.58,2.38,5.92,0
59.62,3.99,8.15,0
40.53,2.6,6.53,0
103.67,9.44,30.77,1
69.14,1.25,12.25,0
55.07,3.17,12.97,0
109.64,6.09,21.47,1
58.21,2.49,12.67,0
63.71,1.2,8.83,0
102.55,6.36,26.47,1
93.88,9.81,28.79,1
33.34,2.04,7.33,0
66.98,1.79,12.19,0
56.12,3.52,9.94,0
55.05,1.71,8.3,0
103.31,7.85,22.53,1
52.14,3.26,5.17,0
96.54,7.3,21.17,1
46.23,1.14,13.42,0
52.84,2.69,13.31,0
47.14,1.01,6.23,0
40.59,2.28,6.17,0
35.91,1.56,8.0,0
63.17,3.91,12.47,0
82.56,7.55,26.08,1
44.36,3.02,5.51,0
62.64,1.9,7.71,0
92.5,6.21,20.7,1
60.84,3.12,6.8,0
55.09,1.44,12.67,0
62.2,2.46,5.5,0
50.41,1.27,12.33,0
50.79,2.97,9.76,0
60.17,3.19,14.18,0
89.21,7.76,25.11,1
37.91,2.24,7.89,0
99.65,9.1,29.1,1
35.87,3.77,12.26,0
54.25,3.32,9.49,0
102.7,7.4,21.19,1
39.4,2.71,6.23,0
47.69,1.65,8.85,0
47.92,2.89,11.54,0
46.33,1.73,9.6,0
58.42,3.93,14.99,0
90.26,6.1,31.39,1
37.45,1.38,9.49,0
62.82,1.29,13.77,0
55.08,3.15,9.17,0
50.05,2.53,6.02,0
53.33,2.22,13.94,0
43.17,3.85,11.14,0
86.44,8.29,25.3,1
36.48,2.85,13.44,0
45.68,3.17,5.91,0
55.39,3.66,5.94,0
42.58,2.06,9.9,0
41.01,1.39,6.99,0
50.51,2.37,13.95,0
65.78,3.59,6.9,0
46.9,3.87,6.29,0
54.77,2.58,6.18,0
52.84,1.52,13.24,0
59.17,3.9,13.96,0
58.79,3.8,7.69,0
35.27,1.83,11.39,0
60.32,3.88,8.43,0
32.2,3.38,9.51,0
49.51,3.48,12.89,0
43.6,2.02,6.52,0
85.69,9.75,34.06,1
68.12,2.71,14.33,0
46.05,2.82,12.09,0
43.22,2.65,11.1,0
38.25,1.42,13.56,0
45.67,2.4,12.78,0
35.04,1.56,5.68,0
90.5,6.86,30.61,1
58.93,1.22,8.01,0
40.02,1.92,8.63,0
56.43,3.26,5.76,0
67.71,2.92,13.91,0
62.46,1.2,6.95,0
32.03,1.3,9.3,0
96.73,9.31,34.98,1
37.92,2.47,13.59,0
66.22,1.27,11.65,0
68.99,2.56,6.99,0
86.8,9.93,21.71,1
48.47,2.61,13.09,0
50.37,3.12,8.05,0
36.69,3.51,12.7,0
38.18,3.06,9.75,0
69.32,2.34,6.8,0
47.98,1.91,7.47,0
87.39,7.62,34.17,1
81.12,6.44,24.76,1
69.86,2.5,12.11,0
89.44,7.25,20.24,1
46.98,1.82,7.42,0
31.03,3.81,6.76,0
96.43,9.23,26.59,1
50.27,3.34,5.57,0
96.23,9.06,30.93,1
46.1,2.63,9.49,0
42.32,1.56,8.05,0
33.31,3.25,5.91,0
52.64,1.87,12.56,0
44.17,1.67,7.04,0
48.94,2.3,6.55,0
91.84,9.66,25.04,1
95.69,6.41,29.54,1
68.75,3.11,12.09,0
33.17,1.87,6.0,0
59.48,3.64,7.88,0
48.64,3.56,6.41,0
59.65,2.28,11.3,0
34.12,3.13,9.0,0
45.1,2.94,13.69,0
92.52,7.62,29.15,1
64.5,2.76,5.33,0
94.06,7.66,26.15,1
41.11,3.83,5.87,0
34.7,1.71,9.78,0
31.99,1.84,12.88,0
47.68,3.43,14.09,0
68.6,1.24,9.65,0
51.18,3.52,6.07,0
94.44,8.99,31.96,1
53.98,2.28,5.45,0
53.46,1.88,12.3,0
57.76,2.93,7.38,0
100.08,6.64,30.62,1
47.9,3.53,10.95,0
63.2,3.75,12.28,0
68.4,2.29,14.97,0
105.24,8.83,28.96,1
41.63,3.55,9.99,0
60.2,3.83,5.26,0
62.16,1.41,9.05,0
59.89,1.0,11.03,0
42.8,2.05,12.5,0
42.47,2.94,9.35,0
87.21,9.06,30.83,1
45.09,3.48,14.33,0
104.22,9.18,32.67,1
41.54,2.31,6.63,0
89.3,9.67,26.43,1
67.33,3.91,9.86,0
59.81,1.94,14.14,0
65.01,1.95,13.02,0
32.11,2.28,13.61,0
49.21,1.86,5.8,0
54.29,3.88,9.83,0
59.55,3.41,8.26,0
104.85,7.36,28.12,1
52.43,3.0,13.46,0
51.05,3.22,5.18,0
30.27,1.74,8.71,0
67.04,2.45,12.88,0
35.51,2.17,14.38,0
108.82,9.62,23.35,1
48.34,3.85,14.09,0
35.31,2.41,12.69,0
35.61,3.98,14.15,0
56.09,3.91,8.43,0
38.04,2.5,12.2,0
57.65,1.27,10.67,0
67.15,2.75,8.72,0
47.37,2.83,10.84,0
62.55,3.76,7.98,0
67.92,2.51,7.46,0
39.27,2.61,12.77,0
44.18,2.44,13.21,0
47.05,1.42,5.46,0
67.27,3.0,10.37,0
86.88,6.07,31.63,1
30.99,1.95,6.84,0
44.43,1.43,14.27,0
48.45,3.15,13.69,0
61.15,1.03,9.85,0
37.29,3.91,13.81,0
64.53,1.68,9.35,0
48.54,3.44,14.48,0
56.97,3.89,10.21,0
64.16,2.29,6.02,0
47.86,1.45,14.08,0
41.05,3.39,13.84,0
65.72,3.09,10.29,0
105.15,8.97,34.2,1
63.68,2.97,10.2,0
41.27,2.73,8.41,0
64.97,3.58,8.06,0
50.27,1.97,6.14,0
59.46,3.87,5.15,0
58.08,3.39,12.06,0
47.92,3.21,10.82,0
65.75,3.41,5.28,0
41.29,2.42,12.27,0
55.19,3.01,7.73,0
33.87,3.03,10.07,0
91.22,6.21,21.91,1
108.87,7.52,23.85,1
65.92,1.4,6.86,0
52.78,3.84,8.26,0
45.92,3.42,10.49,0
95.95,8.35,30.46,1
46.6,1.64,7.51,0
52.01,1.59,9.91,0
45.67,2.67,8.94,0
45.22,2.51,10.16,0
50.41,2.35,14.43,0
40.75,3.12,10.53,0
33.38,3.21,9.58,0
57.8,2.66,7.87,0
66.63,2.65,11.4,0
68.93,3.12,12.61,0
66.14,2.82,13.64,0
36.33,1.32,13.54,0
45.82,1.42,12.04,0
52.37,1.67,8.64,0
92.26,6.87,26.23,1
63.23,3.71,9.48,0
42.05,2.38,13.29,0
67.4,3.92,7.15,0
66.99,3.45,10.56,0
31.32,2.59,9.8,0
55.68,2.41,6.78,0
53.92,1.62,6.37,0
102.64,6.73,20.2,1
94.12,8.92,27.29,1
84.53,6.12,24.66,1
66.07,2.54,6.29,0
40.08,2.73,11.12,0
43.7,2.96,9.38,0
56.75,2.34,7.08,0
63.2,2.08,14.85,0
94.03,6.06,31.15,1
49.98,1.19,8.61,0
32.44,2.41,5.14,0
47.72,1.9,11.11,0
54.67,2.22,8.92,0
67.16,3.33,10.48,0
54.69,1.27,14.11,0
61.46,1.2,10.52,0
38.66,2.47,14.19,0
38.59,3.47,7.11,0
109.75,8.85,32.05,1
55.15,3.57,13.71,0
82.8,7.74,22.4,1
48.51,1.56,13.61,0
54.32,3.88,10.26,0
52.17,1.37,10.06,0
31.61,3.06,13.81,0
64.03,2.96,10.53,0
37.1,2.67,11.17,0
62.43,3.96,13.97,0
60.19,1.47,11.52,0
53.32,2.83,12.42,0
45.05,1.12,13.4,0
31.65,1.9,7.92,0
50.14,1.84,13.38,0
34.97,2.66,6.29,0
65.31,1.6,8.45,0
31.36,3.84,14.64,0
30.77,3.22,7.51,0
34.95,1.24,9.64,0
69.26,1.5,5.43,0
82.96,8.75,26.74,1
37.75,1.93,5.93,0
31.28,1.23,11.72,0
69.08,2.53,9.71,0
40.22,3.2,13.83,0
32.29,1.41,12.97,0
48.95,3.04,9.16,0
98.09,8.33,32.47,1
49.55,2.06,6.93,0
55.36,1.02,12.2,0
63.44,3.68,5.92,0
65.34,1.7,14.82,0
45.34,1.82,13.3,0
37.75,2.71,12.56,0
38.9,2.67,6.52,0
44.67,2.07,10.73,0
61.64,1.33,10.56,0
47.02,2.08,8.11,0
33.74,1.6,14.9,0
67.8,3.21,5.61,0
58.73,2.11,10.68,0
48.04,1.11,12.35,0
52.2,1.92,14.81,0
50.08,2.47,6.54,0
81.04,7.01,31.6,1
63.26,2.77,8.31,0
83.67,7.34,24.38,1
82.42,7.02,25.99,1
40.65,1.44,6.9,0
34.42,2.26,14.62,0
105.04,6.4,30.26,1
48.95,2.02,8.77,0
65.02,2.27,11.44,0
50.72,2.12,13.94,0
48.82,2.87,12.47,0
44.22,3.81,10.41,0
38.13,3.49,13.08,0
61.63,2.89,6.88,0
36.09,3.48,5.42,0
36.03,3.29,11.34,0
103.54,8.85,27.42,1
34.96,3.2,7.13,0
34.43,3.61,12.74,0
99.53,9.93,24.75,1
55.17,3.91,12.21,0
40.91,2.11,12.8,0
93.81,6.74,24.62,1
42.11,1.1,5.54,0
35.19,2.72,10.15,0
67.87,1.11,8.7,0
45.31,3.49,6.82,0
38.78,2.21,7.91,0
48.23,2.44,6.94,0
66.63,3.65,5.82,0
38.21,2.98,5.05,0
46.47,1.12,7.83,0
51.72,2.9,14.0,0
60.74,2.45,7.27,0
62.71,1.88,10.66,0
104.01,6.18,25.51,1
38.51,3.57,14.59,0
43.04,3.04,14.77,0
44.17,1.95,8.07,0
49.34,3.79,5.69,0
41.67,1.21,8.25,0
40.9,2.93,7.31,0
47.45,3.24,11.63,0
63.19,1.79,5.48,0
62.19,3.92,7.95,0
49.7,3.43,13.99,0
61.67,2.97,5.0,0
30.77,3.39,5.04,0
100.52,9.71,28.42,1
40.13,3.64,5.55,0
66.9,3.79,5.05,0
43.68,3.3,5.93,0
33.51,1.22,9.73,0
61.74,2.97,10.15,0
93.52,6.19,22.26,1
57.93,3.38,9.4,0
80.13,8.15,21.29,1
105.85,7.88,32.36,1
81.87,8.91,29.34,1
106.88,6.44,23.45,1
46.65,3.9,13.65,0
51.91,3.1,10.77,0
49.82,2.5,9.96,0
63.53,3.12,10.92,0
30.77,3.09,9.45,0
94.87,9.03,24.24,1
82.39,9.53,23.79,1
48.44,2.36,14.67,0
49.99,2.8,11.77,0
85.07,9.91,25.16,1
64.3,1.51,8.62,0
39.66,2.42,12.27,0
89.45,8.89,30.92,1
80.84,7.56,29.37,1
54.62,1.85,11.04,0
46.35,1.86,8.21,0
65.79,1.22,14.19,0
64.01,2.87,11.64,0
47.79,1.71,11.89,0
52.83,3.15,14.82,0
59.66,2.12,11.01,0
39.47,2.2,13.7,0
40.55,3.16,9.14,0
45.76,3.17,5.19,0
67.65,2.93,7.87,0
64.97,2.64,8.12,0
84.45,8.49,32.91,1
81.75,7.1,27.2,1
52.3,1.64,5.1,0
37.24,2.01,10.09,0
33.86,1.72,9.35,0
54.9,2.5,14.76,0
38.17,2.19,13.46,0
45.68,1.48,14.18,0
103.62,9.08,21.51,1
98.69,6.33,26.64,1
101.42,9.53,34.59,1
40.11,2.46,7.82,0
50.17,2.96,6.14,0
38.17,1.45,7.48,0
67.42,3.08,5.0,0
98.64,9.52,30.82,1
56.47,1.45,10.37,0
55.48,2.71,7.04,0
49.53,2.57,9.5,0
39.97,3.65,8.9,0
97.54,7.97,22.44,1
101.94,8.32,29.81,1
56.77,2.64,6.66,0
66.05,3.75,10.58,0
52.01,3.02,7.02,0
30.9,3.87,13.89,0
67.99,1.24,6.42,0
42.35,1.58,8.73,0
38.62,2.96,8.59,0
38.08,3.39,5.52,0
40.73,2.91,9.12,0
65.81,3.2,14.51,0
48.74,3.51,9.94,0
40.62,2.52,6.95,0
42.76,1.48,6.6,0
80.66,6.78,24.71,1
59.74,1.15,12.54,0
101.65,7.09,24.38,1
102.29,7.53,23.97,1
68.81,3.73,7.63,0
62.42,1.31,7.45,0
31.19,3.97,9.18,0
45.72,1.5,10.25,0
44.87,1.35,10.92,0
41.48,3.14,5.98,0
40.87,1.74,12.9,0
50.46,2.25,8.45,0
69.6,2.29,13.73,0
62.83,3.35,10.74,0
104.83,9.01,29.32,1
35.87,3.32,9.51,0
69.18,3.62,10.76,0
42.58,1.61,10.92,0
64.97,1.21,14.15,0
30.43,2.18,10.89,0
32.52,3.12,6.36,0
34.18,2.74,5.16,0
51.15,1.91,11.15,0
46.97,1.23,6.1,0
41.24,2.26,9.67,0
105.39,6.44,28.4,1
69.99,1.78,5.07,0
47.51,2.92,10.39,0
81.48,9.62,29.34,1
41.2,1.12,11.56,0
42.45,2.77,14.19,0
48.31,2.29,12.0,0
38.62,3.0,13.55,0
53.68,1.8,12.94,0
44.18,1.83,14.9,0
42.14,2.54,5.05,0
54.76,1.51,12.0,0
91.71,7.58,24.98,1
40.94,3.98,10.57,0
46.5,2.5,6.32,0
38.76,3.49,8.63,0
92.86,8.56,23.17,1
30.95,1.7,6.43,0
56.25,2.25,5.83,0
42.62,3.01,10.97,0
52.17,3.51,13.2,0
38.52,3.63,7.15,0
34.55,3.0,9.32,0
106.95,6.19,32.15,1
39.19,3.21,8.48,0
54.12,3.96,11.59,0
31.05,2.6,13.66,0
48.91,3.49,5.6,0
40.82,3.62,7.49,0
66.25,1.53,9.39,0
61.16,3.52,13.82,0
45.87,3.05,9.61,0
39.93,3.28,5.7,0
62.03,1.03,5.89,0
65.35,3.27,14.0,0
65.55,1.89,14.89,0
84.13,9.91,30.56,1
46.89,3.57,7.66,0
49.77,1.94,10.07,0
47.98,2.73,12.11,0
35.5,2.63,14.34,0
51.39,1.52,5.3,0
65.66,3.85,13.99,0
46.45,1.9,13.68,0
67.69,3.79,9.92,0
55.56,2.74,9.95,0
46.59,2.02,13.28,0
41.56,1.25,8.72,0
31.73,2.26,10.54,0
58.01,1.5,5.78,0
66.39,2.19,9.89,0
51.86,1.42,11.44,0
52.31,2.8,8.86,0
37.7,3.85,5.49,0
60.4,2.41,13.75,0
37.51,2.68,8.29,0
66.24,3.35,13.85,0
69.16,2.52,11.72,0
67.73,2.74,6.11,0
38.26,1.14,13.08,0
63.92,3.28,5.2,0
85.66,8.68,28.23,1
34.99,3.48,5.39,0
61.0,2.28,10.75,0
91.76,8.95,27.67,1
64.68,1.3,8.51,0
30.91,3.82,8.68,0
49.98,2.82,11.01,0
39.54,2.59,10.56,0
64.82,3.68,11.05,0
38.64,1.89,10.02,0
40.49,3.33,10.47,0
30.81,2.75,6.87,0
51.11,1.99,9.69,0
47.74,1.04,7.52,0
43.36,3.33,6.14,0
63.43,2.59,14.4,0
40.58,2.69,14.59,0
69.72,2.88,8.2,0
58.83,1.52,13.62,0
37.35,2.6,12.01,0
65.35,2.44,5.61,0
93.88,7.5,25.74,1
58.81,2.77,5.48,0
62.82,1.92,11.17,0
38.04,2.67,13.07,0
58.13,3.43,7.04,0
86.38,6.7,32.03,1
59.27,1.73,14.15,0
55.48,2.74,5.6,0
101.25,8.33,25.57,1
44.32,2.89,8.37,0
66.08,1.5,12.93,0
85.18,8.7,33.97,1
38.08,3.79,5.78,0
48.35,3.81,13.74,0
35.61,3.17,8.23,0
63.67,1.11,13.46,0
109.85,6.26,32.43,1
105.91,7.54,30.95,1
44.32,2.52,10.69,0
100.27,7.37,21.38,1
64.87,1.39,12.22,0
45.2,3.62,6.17,0
41.83,3.87,9.95,0
63.66,2.54,7.89,0
67.41,1.65,11.99,0
62.29,3.89,8.77,0
38.25,3.68,14.32,0
56.38,3.29,6.46,0
59.31,2.76,7.26,0
52.98,2.82,7.57,0
43.17,2.6,8.62,0
50.96,3.47,8.42,0
84.45,7.38,30.22,1
69.54,2.96,5.12,0
61.7,2.04,7.2,0
60.59,1.44,5.95,0
58.83,1.69,8.21,0
55.23,2.36,14.47,0
60.4,1.9,9.99,0
52.32,2.87,7.85,0
54.05,2.45,9.16,0
64.55,3.68,10.69,0
63.63,1.34,7.18,0
32.89,2.19,5.49,0
35.24,2.99,12.91,0
59.32,2.24,6.57,0
61.47,2.9,8.58,0
37.07,3.67,11.29,0
31.23,1.76,10.61,0
66.03,3.96,8.32,0
68.9,2.01,7.89,0
103.37,6.35,31.54,1
35.68,1.56,11.87,0
48.03,2.81,9.87,0
51.94,1.49,7.5,0
44.57,1.7,6.36,0
38.71,3.12,11.0,0
52.27,3.59,7.84,0
38.7,3.42,8.74,0
45.45,2.97,7.85,0
42.42,1.72,6.58,0
31.34,3.23,5.93,0
64.55,1.34,9.23,0
32.72,3.44,8.31,0
35.17,3.84,6.2,0
36.83,2.77,10.08,0
56.37,1.6,12.97,0
44.69,2.58,11.23,0
46.1,3.83,10.5,0
56.31,1.62,7.83,0
56.46,3.49,8.54,0
89.61,7.04,22.18,1
99.0,6.66,28.01,1
49.2,3.53,12.36,0
60.7,1.49,5.48,0
57.68,3.24,14.86,0
44.86,2.87,11.69,0
63.4,1.79,14.34,0
39.67,1.48,8.4,0
34.68,2.6,11.85,0
50.19,3.2,7.2,0
61.34,1.7,14.8,0
34.69,3.91,11.16,0
40.67,2.81,7.92,0
60.94,3.6,11.81,0
60.44,3.43,13.52,0
36.26,3.38,14.35,0
39.82,3.37,13.1,0
67.15,2.84,10.17,0
89.55,6.25,24.32,1
52.61,2.63,12.32,0
49.41,2.78,8.79,0
30.69,2.5,6.05,0
57.54,2.71,11.46,0
45.66,1.37,6.34,0
66.67,1.9,8.93,0
33.69,3.95,5.72,0
36.21,1.5,9.92,0
60.61,1.12,9.89,0
57.77,3.05,5.52,0
49.58,1.04,12.31,0
42.25,2.62,11.74,0
30.92,2.06,10.28,0
47.17,3.03,13.68,0
104.93,9.15,34.75,1
51.36,1.15,9.59,0
33.96,2.91,10.78,0
65.17,1.92,12.83,0
60.3,3.62,9.41,0
32.85,2.67,13.29,0
44.48,1.06,8.89,0
31.77,2.76,14.86,0
101.04,8.16,26.26,1
56.02,2.15,14.51,0
56.72,3.89,12.19,0
84.0,8.18,34.76,1
31.53,2.15,9.17,0
59.48,3.38,7.41,0
40.81,2.14,9.72,0
68.71,3.31,11.11,0
46.31,3.31,11.62,0
53.95,3.03,12.92,0
56.56,3.55,6.73,0
34.38,2.64,13.44,0
32.82,3.72,5.73,0
40.28,3.62,6.49,0
40.53,3.76,13.45,0
84.33,8.82,34.17,1
35.87,3.09,7.3,0
55.24,2.46,7.74,0
108.69,6.62,25.15,1
38.87,3.02,8.95,0
32.0,2.28,14.08,0
30.84,1.02,11.49,0
42.19,3.24,11.32,0
35.75,1.19,14.93,0
59.0,1.42,9.68,0
67.01,2.48,9.94,0
37.29,1.84,10.7,0
69.76,1.25,8.12,0
46.29,3.22,13.13,0
60.96,2.42,6.48,0
55.03,1.14,7.12,0
49.09,1.96,12.21,0
59.89,3.5,7.7,0
41.71,3.23,7.91,0
42.18,1.17,11.21,0
54.53,2.99,6.9,0
42.89,3.43,7.11,0
101.41,9.3,22.12,1
94.27,8.39,30.85,1
40.25,3.96,11.44,0
58.92,1.68,8.2,0
33.81,3.08,8.66,0
100.61,9.73,30.38,1
44.55,2.63,5.49,0
34.88,3.46,10.38,0
39.8,2.51,7.15,0
37.07,1.05,6.36,0
64.51,1.41,9.48,0
101.19,8.53,34.58,1
46.18,2.07,7.77,0
45.54,1.37,14.88,0
40.06,3.32,10.67,0
57.86,3.53,13.22,0
80.11,6.42,25.97,1
51.81,1.12,8.79,0
61.48,2.65,10.92,0
42.23,3.42,11.72,0
50.19,3.0,8.02,0
99.04,6.93,28.6,1
33.43,3.71,8.21,0
33.93,1.35,13.13,0
63.27,2.42,14.47,0
39.54,3.11,13.81,0
54.96,2.6,12.28,0
63.71,2.94,5.5,0
51.36,3.79,10.78,0
108.91,6.05,21.51,1
49.55,1.02,5.43,0
65.65,2.47,14.92,0
54.71,1.44,7.66,0
59.13,2.29,7.71,0
47.7,2.66,11.36,0
31.74,2.52,9.74,0
31.36,3.69,5.61,0
91.23,9.61,20.43,1
43.06,1.06,14.93,0
62.44,1.87,14.27,0
54.01,1.9,12.16,0
94.78,7.09,24.38,1
63.47,3.34,9.52,0
58.49,1.43,5.3,0
54.9,3.54,5.84,0
40.02,1.69,9.14,0
32.75,3.28,12.24,0
49.45,2.62,13.65,0
30.76,1.81,10.17,0
38.72,1.36,5.58,0
42.76,2.68,14.57,0
35.92,2.74,5.51,0
40.73,1.42,5.47,0
58.4,2.71,9.41,0
58.87,1.84,13.54,0
66.44,1.55,12.33,0
104.18,6.05,32.37,1
88.14,7.64,21.83,1
41.27,3.09,8.82,0
42.7,2.81,12.96,0
36.84,2.72,14.43,0
69.85,1.58,11.45,0
102.14,8.15,23.06,1
32.9,3.98,8.45,0
35.99,2.16,13.77,0
57.0,2.5,5.85,0
92.89,6.65,25.94,1
59.59,1.41,10.67,0
40.21,2.37,14.12,0
101.86,8.37,24.82,1
35.39,1.12,9.5,0
40.85,2.83,10.48,0
43.8,1.75,10.77,0
30.36,2.17,12.46,0
57.23,3.1,5.07,0
53.99,2.52,11.91,0
67.98,2.71,13.1,0
60.91,1.52,6.36,0
47.33,2.41,10.76,0
84.85,6.11,34.53,1
38.58,2.74,6.81,0
60.99,3.62,5.88,0
35.23,3.54,6.38,0
68.9,2.94,5.63,0
39.22,3.46,7.56,0
52.49,3.33,12.79,0
31.24,2.12,8.98,0
55.74,1.97,12.98,0
106.22,9.35,33.73,1
40.86,3.88,9.69,0
38.94,3.72,13.68,0
58.38,3.81,8.15,0
52.87,2.03,8.49,0
61.72,2.72,13.78,0
40.84,1.82,14.38,0
31.39,1.01,6.61,0
43.28,1.81,14.19,0
109.0,6.5,29.59,1
44.17,3.05,12.45,0
48.38,1.31,9.81,0
58.73,1.32,11.53,0
33.49,2.71,13.19,0
66.49,1.67,7.25,0
34.82,1.51,5.81,0
50.35,2.1,13.11,0
92.62,7.65,24.59,1
43.68,1.3,10.61,0
30.89,1.8,9.76,0
107.51,6.28,22.74,1
51.66,3.86,8.4,0
68.23,3.83,12.47,0
102.83,7.99,20.98,1
47.44,1.85,14.4,0
64.86,1.33,8.58,0
89.68,7.74,29.33,1
44.01,3.89,14.2,0
63.39,3.4,13.71,0
36.9,1.54,12.62,0
58.37,3.69,10.39,0
43.18,2.47,6.4,0
59.12,2.47,6.42,0
32.66,2.2,5.32,0
60.97,3.56,14.94,0
100.25,9.67,21.01,1
39.18,3.96,13.89,0
62.63,1.98,12.14,0
50.1,1.69,13.17,0
38.01,2.32,13.06,0
50.33,1.92,7.11,0
87.53,8.72,25.27,1
57.56,2.15,5.77,0
66.1,2.55,6.61,0
53.16,1.28,13.07,0
36.2,1.04,10.4,0
48.38,2.09,13.93,0
61.12,1.76,6.57,0
64.4,3.8,12.02,0
32.35,2.9,9.68,0
68.29,3.9,10.33,0
42.86,2.45,8.28,0
61.66,3.81,6.14,0
56.62,3.02,11.94,0
40.14,1.15,8.85,0
46.18,1.97,5.55,0
46.69,1.21,11.3,0
44.46,3.71,11.16,0
44.77,1.33,14.63,0
57.28,3.18,9.82,0
88.96,8.25,21.76,1
66.89,1.71,12.7,0
45.87,3.34,9.42,0
109.51,8.63,34.4,1
37.05,1.86,13.07,0
55.9,1.56,8.95,0
69.01,2.42,6.34,0
32.73,2.82,13.93,0
63.28,2.6,13.87,0
68.16,2.87,6.04,0
86.58,6.32,31.86,1
108.5,6.19,24.33,1
49.63,3.72,7.71,0
59.53,2.32,7.8,0
52.69,3.5,9.8,0
67.56,2.94,14.49,0
86.4,7.33,25.69,1
50.34,2.53,5.34,0
40.27,1.85,12.03,0
48.7,2.79,10.05,0
46.75,1.0,10.49,0
69.16,1.45,12.8,0
64.59,3.71,6.94,0
55.22,2.45,10.41,0
35.18,3.48,8.64,0
30.79,1.59,5.84,0
60.67,1.39,14.23,0
55.67,3.11,8.31,0
58.78,1.82,14.93,0
45.9,1.99,11.98,0
93.57,6.47,28.9,1
57.11,2.53,7.09,0
53.91,2.04,11.54,0
40.27,2.75,13.73,0
56.21,1.22,10.7,0
38.83,1.98,14.99,0
58.16,1.85,6.78,0
100.44,8.19,26.94,1
46.25,1.54,9.32,0
64.57,3.9,14.36,0
43.64,3.73,9.63,0
50.6,3.48,12.78,0
49.92,3.2,12.34,0
47.64,4.0,8.45,0
61.79,3.2,5.09,0
65.27,1.34,11.08,0
31.75,2.62,14.74,0
38.02,3.35,13.72,0
31.39,3.75,8.86,0
99.29,8.77,22.47,1
59.99,2.34,14.79,0
34.96,2.51,12.63,0
97.96,7.32,31.07,1
52.11,2.02,9.52,0
34.31,3.92,14.53,0
38.91,2.34,11.45,0
56.46,3.83,11.16,0
32.46,3.66,12.09,0
42.05,1.91,14.61,0
30.69,3.29,9.85,0
53.29,1.28,9.71,0
51.19,2.27,13.49,0
51.72,2.13,5.69,0
48.4,3.76,11.07,0
88.89,6.21,28.29,1
46.5,3.61,9.82,0
36.81,1.7,13.33,0
65.44,1.37,10.06,0
62.41,1.79,12.31,0
34.88,1.42,7.01,0
41.44,3.72,8.31,0
85.38,8.61,22.94,1
104.6,6.46,33.42,1
45.64,2.93,5.54,0
88.59,9.71,32.69,1
61.85,3.86,5.52,0
43.65,1.52,8.41,0
47.32,3.75,8.13,0
67.09,3.97,7.35,0
47.83,1.13,7.28,0
51.16,3.47,8.65,0
38.76,3.75,11.77,0
38.92,1.69,13.89,0
86.9,8.92,33.07,1
68.39,3.65,6.39,0
50.8,2.6,9.41,0
58.39,3.82,5.2,0
84.92,8.08,21.38,1
46.53,2.2,14.43,0
58.91,3.45,12.53,0
64.78,2.1,5.37,0
96.71,8.33,32.31,1
35.82,3.06,9.23,0
36.57,2.93,11.46,0
62.91,2.79,13.56,0
58.16,3.72,6.23,0
66.53,2.85,12.47,0
56.48,1.5,11.13,0
107.22,7.52,27.83,1
91.87,6.54,34.62,1
47.02,2.42,9.08,0
45.9,3.47,9.46,0
56.39,2.87,9.13,0
40.89,1.03,10.24,0
53.61,3.2,11.01,0
38.86,2.42,10.33,0
50.83,3.11,12.15,0
68.53,2.9,11.18,0
107.6,9.19,34.48,1
57.07,2.33,13.62,0
39.21,1.65,5.83,0
32.97,3.84,13.93,0
65.4,3.96,14.04,0
40.46,2.3,10.47,0
63.62,3.92,8.44,0
68.1,2.44,13.23,0
87.36,8.91,33.49,1
51.41,2.48,13.5,0
87.45,8.26,22.58,1
36.74,3.41,11.09,0
42.37,2.66,13.71,0
59.6,2.66,11.04,0
37.4,2.0,6.31,0
68.64,2.1,10.19,0
53.99,3.36,6.37,0
54.55,3.61,6.83,0
36.56,1.33,10.87,0
42.39,1.52,10.43,0
32.8,3.68,5.49,0
84.09,9.36,28.15,1
52.53,1.5,7.89,0
47.38,1.58,5.69,0
40.69,3.86,11.66,0
98.06,6.88,21.61,1
34.44,3.11,12.75,0
53.73,1.58,6.86,0
41.39,3.4,13.01,0
62.86,2.78,11.56,0
45.76,3.04,12.0,0
44.36,2.32,10.74,0
39.24,3.84,13.84,0
51.19,3.34,5.73,0
81.66,7.7,27.9,1
83.51,6.38,34.09,1
52.07,1.81,14.26,0
43.39,3.55,6.27,0
61.18,1.69,13.12,0
55.56,2.37,13.66,0
46.91,3.64,8.44,0
63.52,1.79,6.24,0
58.69,2.56,11.84,0
94.72,6.11,31.61,1
88.34,9.3,26.52,1
37.89,3.77,11.36,0
39.64,3.0,14.32,0
63.07,2.17,7.67,0
34.27,2.86,12.13,0
67.93,2.0,12.1,0
49.28,2.29,9.05,0
62.79,1.91,5.08,0
60.63,1.24,11.04,0
67.83,3.24,10.35,0
30.4,2.51,6.59,0
109.36,9.37,27.44,1
90.2,8.22,25.07,1
94.36,7.83,32.71,1
59.09,1.71,8.35,0
59.53,1.84,7.02,0
43.29,1.1,10.48,0
58.73,2.94,5.06,0
54.52,2.2,14.05,0
69.75,3.19,12.79,0
54.61,2.04,10.74,0
58.4,3.48,12.96,0
55.27,1.62,13.28,0
60.83,2.96,8.09,0
51.3,1.62,8.26,0
41.0,3.15,13.59,0
51.13,2.51,14.25,0
33.76,1.25,12.26,0
65.3,2.57,13.78,0
41.6,3.45,12.72,0
52.28,1.39,10.54,0
62.69,2.61,9.67,0
46.0,3.67,5.87,0
52.95,3.29,9.97,0
98.24,6.5,34.74,1
46.83,3.77,9.81,0
32.44,2.75,14.15,0
47.0,1.13,6.86,0
65.35,3.81,10.13,0
105.32,9.64,33.96,1
47.99,1.33,8.07,0
49.47,3.13,13.38,0
45.72,2.52,5.26,0
65.44,3.28,8.16,0
48.11,3.73,7.25,0
50.13,2.56,5.73,0
55.93,1.65,5.36,0
62.11,1.07,8.24,0
36.86,3.2,13.06,0
45.92,3.26,14.05,0
92.42,7.05,30.44,1
40.35,1.81,11.12,0
58.15,3.91,12.75,0
52.4,3.68,14.44,0
47.55,3.99,6.68,0
39.99,2.93,9.32,0
57.7,2.1,14.14,0
44.92,1.95,6.17,0
50.54,2.35,11.91,0
59.76,2.93,5.4,0
45.74,3.4,11.36,0
37.06,3.15,5.74,0
65.2,1.6,12.07,0
51.38,3.27,9.28,0
67.43,3.06,9.54,0
62.14,3.31,12.0,0
34.93,1.37,14.95,0
52.28,1.11,7.6,0
69.16,2.73,14.95,0
63.83,3.51,12.62,0
50.08,2.41,6.25,0
80.17,7.9,23.29,1
36.16,1.79,14.09,0
65.71,2.83,5.66,0
63.45,3.92,11.14,0
30.62,2.31,5.98,0
66.12,2.43,9.52,0
31.51,1.46,13.92,0
38.44,3.95,6.17,0
62.91,3.02,6.61,0
33.55,1.36,14.27,0
82.92,7.7,32.23,1
32.44,1.17,9.45,0
85.81,9.98,21.48,1
41.66,1.35,7.0,0
37.73,3.89,11.53,0
40.75,1.42,5.11,0
98.09,6.93,23.21,1
46.35,1.79,11.62,0
63.71,3.8,7.23,0
60.37,3.94,10.44,0
52.68,3.91,14.11,0
99.18,6.92,34.53,1
36.44,2.36,6.39,0
69.4,3.03,13.02,0
65.69,3.27,5.58,0
41.56,3.82,13.66,0
63.95,3.56,13.56,0
40.45,3.59,9.61,0
56.67,3.16,14.81,0
49.48,1.58,11.7,0
36.46,3.57,10.13,0
61.83,3.47,9.06,0
62.97,1.19,9.11,0
48.31,2.02,14.54,0
47.08,1.61,6.78,0
85.12,7.97,24.21,1
33.31,2.95,9.32,0
60.2,1.05,10.25,0
46.12,1.02,12.66,0
44.94,1.13,11.67,0
31.52,1.57,14.7,0
35.5,3.2,11.15,0
46.34,3.28,14.32,0
46.96,3.59,13.28,0
56.13,1.88,11.36,0
42.46,1.86,11.65,0
53.23,3.6,12.28,0
91.4,7.73,20.66,1
93.26,8.8,27.31,1
68.52,1.16,11.81,0
63.1,3.0,7.18,0
30.33,3.55,10.52,0
64.98,3.01,13.46,0
37.46,2.16,8.26,0
31.79,2.42,5.28,0
81.51,9.28,29.38,1
48.11,2.42,9.76,0
100.47,9.29,32.43,1
34.8,1.45,12.2,0
34.77,3.31,13.27,0
60.65,3.05,8.09,0
60.02,1.04,6.35,0
52.53,3.38,9.23,0
41.74,2.55,6.1,0
108.21,6.3,24.41,1
59.11,3.4,14.17,0
53.82,1.1,13.94,0
69.7,1.83,9.17,0
60.02,3.0,7.67,0
52.44,3.57,6.04,0
42.68,2.64,14.17,0
33.98,2.51,7.17,0
55.69,1.71,6.69,0
67.83,2.91,7.73,0
69.06,1.5,13.19,0
46.42,2.98,6.57,0
57.41,2.58,6.72,0
42.8,2.43,14.58,0
45.12,1.36,14.21,0
33.75,1.51,14.65,0
87.5,8.9,22.74,1
62.06,3.93,6.59,0
57.19,1.04,9.18,0
32.26,1.32,11.32,0
37.52,1.08,11.54,0
30.25,3.84,7.4,0
30.2,2.79,5.47,0
89.44,8.54,26.69,1
60.24,3.9,9.9,0
56.31,2.59,12.2,0
32.65,3.99,11.18,0
37.82,2.14,8.35,0
32.69,3.62,9.14,0
49.46,1.05,9.06,0
50.78,1.96,11.24,0
51.51,2.65,11.6,0
43.1,3.0,8.98,0
32.54,2.59,7.35,0
50.99,1.49,13.92,0
48.34,4.0,14.45,0
55.22,3.15,14.42,0
62.24,3.96,12.45,0
44.75,1.35,12.0,0
108.59,8.48,27.22,1
62.64,3.44,10.87,0
52.13,2.85,11.24,0
32.65,3.13,13.26,0
90.52,8.02,32.2,1
98.24,7.04,27.14,1
47.71,1.78,8.21,0
43.73,2.67,5.45,0
46.57,1.99,14.57,0
48.66,1.7,7.93,0
44.28,2.9,13.93,0
63.94,2.67,7.65,0
37.97,1.55,14.92,0
41.49,2.31,6.0,0
96.83,7.33,33.09,1
48.55,3.98,7.85,0
58.44,3.6,11.89,0
62.82,3.01,12.11,0
69.85,2.91,11.17,0
45.99,1.83,10.94,0
63.74,1.82,14.85,0
69.08,1.9,5.3,0
57.86,1.4,6.06,0
43.19,1.27,9.3,0
39.23,2.91,7.95,0
57.53,2.4,13.28,0
99.06,7.68,23.94,1
47.76,1.85,12.89,0
60.7,2.39,11.65,0
57.91,2.91,10.34,0
68.96,3.99,10.56,0
50.27,3.34,6.33,0
40.89,2.86,13.4,0
51.58,1.74,14.15,0
53.45,2.59,11.05,0
58.97,3.58,14.45,0
39.47,3.46,8.62,0
101.76,8.33,20.01,1
38.71,1.73,13.1,0
41.99,3.33,13.89,0
58.88,1.23,6.97,0
53.11,2.44,12.2,0
100.66,7.22,32.34,1
35.39,3.63,10.2,0
46.09,1.6,13.96,0
55.67,3.56,12.99,0
36.56,2.79,5.2,0
47.52,3.04,10.76,0
33.71,3.63,13.49,0
38.27,2.94,10.85,0
53.67,3.08,10.75,0
58.26,2.23,12.93,0
55.06,3.86,14.76,0
44.25,2.66,7.5,0
52.68,2.09,10.18,0
58.78,2.66,10.04,0
40.26,1.67,13.72,0
50.12,3.75,10.42,0
66.48,2.09,7.47,0
41.33,1.54,10.68,0
66.98,3.25,14.22,0
38.86,3.7,11.5,0
64.33,1.59,5.46,0
65.47,2.49,14.36,0
84.86,7.64,29.99,1
63.17,2.45,10.91,0
93.78,8.54,31.51,1
41.27,3.08,7.38,0
56.23,2.86,13.64,0
34.7,3.97,7.84,0
45.35,1.79,10.16,0
65.7,3.95,12.22,0
87.07,6.49,26.59,1
56.25,3.95,5.26,0
42.84,2.38,13.13,0
64.24,3.81,12.55,0
37.69,3.19,11.62,0
61.76,2.91,9.86,0
65.86,1.99,10.19,0
50.55,3.96,10.18,0
46.44,1.95,10.25,0
48.94,3.0,14.32,0
67.33,3.12,9.15,0
40.89,2.49,6.9,0
52.27,2.5,14.4,0
48.31,1.64,10.65,0
62.49,1.93,6.67,0
59.93,1.13,10.74,0
37.59,1.57,7.61,0
34.83,2.74,8.9,0
44.76,3.71,13.06,0
41.0,1.72,8.63,0
54.51,3.62,11.48,0
69.34,3.37,6.38,0
60.95,3.48,8.46,0
54.78,3.43,10.7,0
35.98,1.73,9.05,0
30.85,1.13,7.63,0
33.28,1.48,14.12,0
59.64,1.51,7.12,0
56.43,2.35,12.19,0
65.84,1.3,12.23,0
30.56,2.19,9.66,0
40.54,3.98,13.46,0
66.73,3.59,13.49,0
31.29,2.83,14.76,0
46.87,1.43,11.99,0
52.99,2.47,8.72,0
31.45,3.01,12.81,0
53.83,2.7,6.15,0
60.32,2.46,13.75,0
48.45,3.45,10.76,0
35.09,1.62,11.02,0
59.67,2.7,9.21,0
60.48,2.67,13.33,0
66.22,1.46,7.13,0
37.31,2.16,14.46,0
39.34,1.72,6.14,0
38.96,2.97,14.89,0
68.88,1.91,8.93,0
34.05,2.36,14.87,0
35.41,2.5,7.28,0
69.26,3.64,11.5,0
37.28,3.6,6.89,0
36.08,3.66,12.57,0
57.98,3.39,8.65,0
97.01,8.01,31.01,1
108.1,8.76,31.69,1
57.31,3.55,6.61,0
50.54,1.59,14.19,0
107.32,6.66,21.28,1
42.78,2.18,14.74,0
59.55,2.1,13.92,0
51.67,2.39,14.11,0
39.28,3.26,11.25,0
57.37,2.37,14.96,0
69.32,1.5,9.54,0
62.92,3.14,9.34,0
86.64,6.45,22.42,1
48.45,1.45,12.99,0
48.67,3.72,9.5,0
65.71,2.17,8.2,0
51.69,2.96,9.15,0
46.9,1.81,6.95,0
49.65,3.98,11.08,0
68.59,2.63,13.22,0
91.58,8.05,23.64,1
36.55,1.39,5.07,0
106.57,9.82,21.19,1
101.52,9.01,34.61,1
48.0,2.21,8.04,0
35.75,3.55,11.04,0
85.34,8.78,29.46,1
65.18,3.75,12.41,0
69.68,3.5,9.61,0
56.94,2.73,13.1,0
65.44,2.66,8.84,0
66.22,3.99,12.32,0
46.63,2.74,9.49,0
90.94,8.97,26.38,1
61.72,1.98,5.73,0
51.02,2.0,5.09,0
64.78,3.86,13.0,0
41.76,1.04,13.23,0
55.74,2.81,5.73,0
49.38,1.78,9.15,0
33.03,2.01,5.6,0
43.89,1.1,8.45,0
64.06,1.04,8.82,0
31.85,3.62,12.08,0
36.68,2.98,14.53,0
35.34,3.06,11.25,0
33.43,2.74,9.92,0
60.4,3.99,8.9,0
35.89,2.61,5.66,0
47.28,1.89,12.53,0
45.72,2.06,6.1,0
36.26,1.6,6.84,0
49.99,1.87,9.14,0
38.99,3.39,8.43,0
64.49,1.04,7.18,0
43.05,3.66,12.02,0
69.37,1.34,10.97,0
43.58,3.13,14.79,0
61.34,2.3,8.67,0
30.12,1.88,8.77,0
63.19,1.51,5.55,0
59.38,1.14,14.67,0
51.41,2.06,14.41,0
92.29,7.2,33.29,1
54.13,2.51,12.22,0
65.25,2.78,14.66,0
62.42,3.76,5.52,0
47.72,2.08,6.19,0
44.46,1.8,12.63,0
41.77,2.86,5.94,0
105.99,8.33,20.19,1
95.7,9.91,31.71,1
48.85,1.48,9.14,0
34.44,2.61,9.53,0
52.47,3.38,7.86,0
54.29,1.26,8.7,0
46.97,2.98,10.84,0
45.24,2.28,13.88,0
49.65,3.01,7.98,0
32.85,3.05,13.1,0
55.11,2.27,12.37,0
32.73,3.4,6.2,0
52.96,3.87,8.43,0
31.33,1.59,12.96,0
65.64,3.22,10.25,0
39.11,3.63,10.95,0
105.13,7.42,26.28,1
67.81,1.34,9.04,0
31.45,1.91,11.55,0
61.33,2.81,8.84,0
41.69,3.32,12.63,0
31.52,1.76,9.57,0
50.08,3.5,10.15,0
34.91,1.85,11.33,0
45.47,3.36,9.73,0
41.5,2.33,6.55,0
81.88,9.2,25.65,1
63.57,1.5,13.62,0
43.12,1.71,6.68,0
81.01,7.62,24.33,1
62.05,3.9,6.27,0
36.71,1.21,6.88,0
38.46,1.97,8.23,0
69.26,2.15,13.33,0
95.78,6.12,27.35,1
103.16,7.03,33.85,1
107.29,8.33,26.61,1
32.73,3.87,8.15,0
45.67,1.03,10.34,0
46.46,2.76,8.96,0
39.11,2.72,7.03,0
30.37,2.31,13.95,0
37.48,3.07,13.06,0
49.55,2.88,9.28,0
60.55,1.79,9.26,0
58.5,1.04,9.41,0
34.99,2.22,10.11,0
37.29,2.88,6.17,0
53.63,3.64,12.6,0
88.39,7.05,28.49,1
48.46,3.23,8.86,0
31.19,3.16,13.8,0
33.67,2.99,9.93,0
69.08,3.33,14.45,0
63.71,2.33,13.88,0
51.32,2.56,5.93,0
61.51,1.46,12.21,0
60.73,1.93,9.12,0
63.2,3.66,14.37,0
30.66,1.28,7.07,0
30.0,3.31,12.24,0
44.5,3.16,5.67,0
49.92,2.33,9.13,0
108.85,6.33,27.96,1
101.43,7.58,25.14,1
65.71,2.13,9.29,0
69.18,1.41,8.69,0
52.65,3.28,9.42,0
47.17,2.05,10.03,0
66.97,1.46,8.5,0
49.99,1.56,12.03,0
41.51,1.61,10.14,0
55.92,3.1,8.19,0
31.81,3.47,5.33,0
64.11,1.01,7.87,0
103.74,8.91,23.56,1
50.0,2.57,10.36,0
67.02,3.55,7.47,0
42.96,3.02,11.45,0
82.85,8.53,25.59,1
52.35,3.35,9.59,0
59.72,1.24,9.48,0
66.73,1.89,7.49,0
64.48,2.98,6.74,0
45.51,3.55,11.71,0
41.94,1.64,13.52,0
62.72,3.4,7.18,0
42.11,1.05,12.03,0
49.94,2.48,10.48,0
40.19,2.74,8.13,0
48.75,3.27,5.34,0
92.28,9.83,26.92,1
54.79,3.34,11.39,0
55.35,3.97,14.77,0
63.65,2.75,14.56,0
45.68,2.86,12.31,0
37.66,1.2,9.75,0
39.51,1.51,11.73,0
42.65,2.56,12.28,0
63.43,1.26,10.78,0
58.13,2.26,14.1,0
33.85,3.79,14.99,0
42.62,1.69,11.13,0
46.74,2.21,5.25,0
57.59,1.86,11.85,0
59.42,1.0,6.27,0
31.85,1.26,7.51,0
69.35,2.8,14.33,0
50.88,2.71,13.64,0
35.6,1.16,12.87,0
34.98,1.48,7.54,0
109.56,7.81,20.83,1
89.34,6.49,33.29,1
61.5,1.23,10.14,0
34.89,1.12,9.37,0
39.75,2.53,10.8,0
39.4,1.15,10.21,0
69.59,1.36,13.03,0
46.88,1.62,6.96,0
68.23,3.28,9.45,0
30.09,2.08,9.57,0
34.53,1.69,13.0,0
61.53,1.32,10.6,0
60.07,3.77,5.99,0
48.15,1.69,5.55,0
43.18,3.91,10.62,0
36.27,2.55,13.88,0
43.37,3.07,9.67,0
31.89,3.38,5.21,0
33.56,1.2,12.66,0
